sample,total_count,population,count,percentage
MEL-001-D00,66901,b_cell,5115,7.645626
MEL-001-D00,66901,cd4_t_cell,24213,36.192284
MEL-001-D00,66901,cd8_t_cell,14148,21.147666
MEL-001-D00,66901,monocyte,17884,26.732037
MEL-001-D00,66901,nk_cell,5541,8.282387
MEL-001-D07,51778,b_cell,7672,14.817104
MEL-001-D07,51778,cd4_t_cell,21980,42.450462
MEL-001-D07,51778,cd8_t_cell,6095,11.771409
MEL-001-D07,51778,monocyte,10956,21.159566
MEL-001-D07,51778,nk_cell,5075,9.80146
MEL-001-D14,68147,b_cell,5238,7.686325
MEL-001-D14,68147,cd4_t_cell,28448,41.745051
MEL-001-D14,68147,cd8_t_cell,11353,16.659574
MEL-001-D14,68147,monocyte,14700,21.571016
MEL-001-D14,68147,nk_cell,8408,12.338034
MEL-002-D00,74801,b_cell,8791,11.752517
MEL-002-D00,74801,cd4_t_cell,28759,38.447347
MEL-002-D00,74801,cd8_t_cell,15194,20.312563
MEL-002-D00,74801,monocyte,13456,17.989064
MEL-002-D00,74801,nk_cell,8601,11.498509
MEL-002-D07,73728,b_cell,6170,8.368598
MEL-002-D07,73728,cd4_t_cell,22739,30.841743
MEL-002-D07,73728,cd8_t_cell,20877,28.316243
MEL-002-D07,73728,monocyte,18838,25.550673
MEL-002-D07,73728,nk_cell,5104,6.922743
MEL-002-D14,66790,b_cell,9232,13.822429
MEL-002-D14,66790,cd4_t_cell,24202,36.235963
MEL-002-D14,66790,cd8_t_cell,11339,16.977092
MEL-002-D14,66790,monocyte,15559,23.295404
MEL-002-D14,66790,nk_cell,6458,9.669112
MEL-003-D00,68013,b_cell,6463,9.502595
MEL-003-D00,68013,cd4_t_cell,25587,37.620749
MEL-003-D00,68013,cd8_t_cell,11827,17.389323
MEL-003-D00,68013,monocyte,17559,25.817123
MEL-003-D00,68013,nk_cell,6577,9.67021
MEL-003-D07,76063,b_cell,8349,10.976427
MEL-003-D07,76063,cd4_t_cell,28421,37.365079
MEL-003-D07,76063,cd8_t_cell,14617,19.216965
MEL-003-D07,76063,monocyte,12847,16.889946
MEL-003-D07,76063,nk_cell,11829,15.551582
MEL-003-D14,68190,b_cell,6846,10.039595
MEL-003-D14,68190,cd4_t_cell,16210,23.771814
MEL-003-D14,68190,cd8_t_cell,21704,31.828714
MEL-003-D14,68190,monocyte,12725,18.661094
MEL-003-D14,68190,nk_cell,10705,15.698783
MEL-004-D00,59978,b_cell,8401,14.006802
MEL-004-D00,59978,cd4_t_cell,19712,32.865384
MEL-004-D00,59978,cd8_t_cell,11931,19.892294
MEL-004-D00,59978,monocyte,13575,22.633299
MEL-004-D00,59978,nk_cell,6359,10.602221
MEL-004-D07,64904,b_cell,9091,14.006841
MEL-004-D07,64904,cd4_t_cell,16611,25.593184
MEL-004-D07,64904,cd8_t_cell,14954,23.040182
MEL-004-D07,64904,monocyte,16111,24.822815
MEL-004-D07,64904,nk_cell,8137,12.536978
MEL-004-D14,77238,b_cell,7118,9.215671
MEL-004-D14,77238,cd4_t_cell,31377,40.623786
MEL-004-D14,77238,cd8_t_cell,19048,24.661436
MEL-004-D14,77238,monocyte,13316,17.240219
MEL-004-D14,77238,nk_cell,6379,8.258888
MEL-005-D00,60494,b_cell,2765,4.570701
MEL-005-D00,60494,cd4_t_cell,25487,42.131451
MEL-005-D00,60494,cd8_t_cell,10305,17.034747
MEL-005-D00,60494,monocyte,14170,23.423811
MEL-005-D00,60494,nk_cell,7767,12.83929
MEL-005-D07,61538,b_cell,5025,8.165686
MEL-005-D07,61538,cd4_t_cell,24093,39.151419
MEL-005-D07,61538,cd8_t_cell,11166,18.144886
MEL-005-D07,61538,monocyte,13870,22.538919
MEL-005-D07,61538,nk_cell,7384,11.99909
MEL-005-D14,79494,b_cell,5983,7.526354
MEL-005-D14,79494,cd4_t_cell,34786,43.759277
MEL-005-D14,79494,cd8_t_cell,17191,21.625531
MEL-005-D14,79494,monocyte,14703,18.495736
MEL-005-D14,79494,nk_cell,6831,8.593101
MEL-006-D00,64402,b_cell,10348,16.067824
MEL-006-D00,64402,cd4_t_cell,21941,34.068818
MEL-006-D00,64402,cd8_t_cell,14024,21.775721
MEL-006-D00,64402,monocyte,11850,18.40005
MEL-006-D00,64402,nk_cell,6239,9.687587
MEL-006-D07,70521,b_cell,9944,14.100764
MEL-006-D07,70521,cd4_t_cell,16581,23.512145
MEL-006-D07,70521,cd8_t_cell,21947,31.121226
MEL-006-D07,70521,monocyte,14900,21.128458
MEL-006-D07,70521,nk_cell,7149,10.137406
MEL-006-D14,72479,b_cell,7987,11.019744
MEL-006-D14,72479,cd4_t_cell,25886,35.715173
MEL-006-D14,72479,cd8_t_cell,14554,20.080299
MEL-006-D14,72479,monocyte,12345,17.03252
MEL-006-D14,72479,nk_cell,11707,16.152265
MEL-007-D00,67885,b_cell,8098,11.928998
MEL-007-D00,67885,cd4_t_cell,23153,34.106209
MEL-007-D00,67885,cd8_t_cell,14593,21.496649
MEL-007-D00,67885,monocyte,14374,21.174044
MEL-007-D00,67885,nk_cell,7667,11.2941
MEL-007-D07,77800,b_cell,4344,5.583548
MEL-007-D07,77800,cd4_t_cell,24150,31.041131
MEL-007-D07,77800,cd8_t_cell,21109,27.132391
MEL-007-D07,77800,monocyte,18130,23.303342
MEL-007-D07,77800,nk_cell,10067,12.939589
MEL-007-D14,70676,b_cell,9135,12.92518
MEL-007-D14,70676,cd4_t_cell,18273,25.854604
MEL-007-D14,70676,cd8_t_cell,14015,19.829928
MEL-007-D14,70676,monocyte,21726,30.74028
MEL-007-D14,70676,nk_cell,7527,10.650008
MEL-008-D00,63784,b_cell,6979,10.941615
MEL-008-D00,63784,cd4_t_cell,20091,31.498495
MEL-008-D00,63784,cd8_t_cell,17185,26.942493
MEL-008-D00,63784,monocyte,12443,19.508027
MEL-008-D00,63784,nk_cell,7086,11.109369
MEL-008-D07,74068,b_cell,9770,13.190582
MEL-008-D07,74068,cd4_t_cell,25024,33.78517
MEL-008-D07,74068,cd8_t_cell,11768,15.888103
MEL-008-D07,74068,monocyte,18779,25.353729
MEL-008-D07,74068,nk_cell,8727,11.782416
MEL-008-D14,69317,b_cell,8335,12.024467
MEL-008-D14,69317,cd4_t_cell,24683,35.608869
MEL-008-D14,69317,cd8_t_cell,14490,20.903963
MEL-008-D14,69317,monocyte,13991,20.184082
MEL-008-D14,69317,nk_cell,7818,11.278619
MEL-009-D00,77333,b_cell,8487,10.974616
MEL-009-D00,77333,cd4_t_cell,25560,33.051867
MEL-009-D00,77333,cd8_t_cell,16964,21.936301
MEL-009-D00,77333,monocyte,15356,19.856982
MEL-009-D00,77333,nk_cell,10966,14.180234
MEL-009-D07,72899,b_cell,9039,12.399347
MEL-009-D07,72899,cd4_t_cell,22436,30.776828
MEL-009-D07,72899,cd8_t_cell,20979,28.778173
MEL-009-D07,72899,monocyte,15898,21.808255
MEL-009-D07,72899,nk_cell,4547,6.237397
MEL-009-D14,71004,b_cell,8459,11.913413
MEL-009-D14,71004,cd4_t_cell,29355,41.342741
MEL-009-D14,71004,cd8_t_cell,11960,16.844121
MEL-009-D14,71004,monocyte,12015,16.921582
MEL-009-D14,71004,nk_cell,9215,12.978142
MEL-010-D00,55028,b_cell,9036,16.420731
MEL-010-D00,55028,cd4_t_cell,12240,22.243222
MEL-010-D00,55028,cd8_t_cell,7333,13.325943
MEL-010-D00,55028,monocyte,16765,30.466308
MEL-010-D00,55028,nk_cell,9654,17.543796
MEL-010-D07,75651,b_cell,5883,7.7765
MEL-010-D07,75651,cd4_t_cell,25027,33.08218
MEL-010-D07,75651,cd8_t_cell,23420,30.957952
MEL-010-D07,75651,monocyte,12022,15.891396
MEL-010-D07,75651,nk_cell,9299,12.291972
MEL-010-D14,75130,b_cell,8664,11.532011
MEL-010-D14,75130,cd4_t_cell,28730,38.240383
MEL-010-D14,75130,cd8_t_cell,14324,19.06562
MEL-010-D14,75130,monocyte,13495,17.962199
MEL-010-D14,75130,nk_cell,9917,13.199787
MEL-011-D00,86870,b_cell,15229,17.530793
MEL-011-D00,86870,cd4_t_cell,31782,36.585703
MEL-011-D00,86870,cd8_t_cell,16162,18.604812
MEL-011-D00,86870,monocyte,20217,23.272706
MEL-011-D00,86870,nk_cell,3480,4.005986
MEL-011-D07,80562,b_cell,6265,7.776619
MEL-011-D07,80562,cd4_t_cell,29987,37.222264
MEL-011-D07,80562,cd8_t_cell,17894,22.211464
MEL-011-D07,80562,monocyte,17959,22.292148
MEL-011-D07,80562,nk_cell,8457,10.497505
MEL-011-D14,79045,b_cell,9821,12.424568
MEL-011-D14,79045,cd4_t_cell,28909,36.572838
MEL-011-D14,79045,cd8_t_cell,16758,21.200582
MEL-011-D14,79045,monocyte,15702,19.864634
MEL-011-D14,79045,nk_cell,7855,9.937377
MEL-012-D00,72778,b_cell,5847,8.034021
MEL-012-D00,72778,cd4_t_cell,28467,39.114842
MEL-012-D00,72778,cd8_t_cell,13654,18.761164
MEL-012-D00,72778,monocyte,14229,19.551238
MEL-012-D00,72778,nk_cell,10581,14.538734
MEL-012-D07,66881,b_cell,4795,7.16945
MEL-012-D07,66881,cd4_t_cell,31201,46.651515
MEL-012-D07,66881,cd8_t_cell,12825,19.17585
MEL-012-D07,66881,monocyte,9129,13.649616
MEL-012-D07,66881,nk_cell,8931,13.353568
MEL-012-D14,90605,b_cell,7930,8.752276
MEL-012-D14,90605,cd4_t_cell,35633,39.327852
MEL-012-D14,90605,cd8_t_cell,21991,24.271287
MEL-012-D14,90605,monocyte,15928,17.579604
MEL-012-D14,90605,nk_cell,9123,10.068981
MEL-013-D00,75692,b_cell,7337,9.69323
MEL-013-D00,75692,cd4_t_cell,32668,43.159119
MEL-013-D00,75692,cd8_t_cell,9715,12.83491
MEL-013-D00,75692,monocyte,15096,19.943984
MEL-013-D00,75692,nk_cell,10876,14.368758
MEL-013-D07,62385,b_cell,10687,17.130721
MEL-013-D07,62385,cd4_t_cell,21447,34.378456
MEL-013-D07,62385,cd8_t_cell,11186,17.930592
MEL-013-D07,62385,monocyte,13169,21.109241
MEL-013-D07,62385,nk_cell,5896,9.45099
MEL-013-D14,65118,b_cell,9240,14.189625
MEL-013-D14,65118,cd4_t_cell,24221,37.195553
MEL-013-D14,65118,cd8_t_cell,13652,20.965017
MEL-013-D14,65118,monocyte,11449,17.581928
MEL-013-D14,65118,nk_cell,6556,10.067877
MEL-014-D00,78545,b_cell,9818,12.499841
MEL-014-D00,78545,cd4_t_cell,32637,41.551977
MEL-014-D00,78545,cd8_t_cell,9640,12.273219
MEL-014-D00,78545,monocyte,16462,20.958686
MEL-014-D00,78545,nk_cell,9988,12.716277
MEL-014-D07,80550,b_cell,14661,18.201117
MEL-014-D07,80550,cd4_t_cell,28102,34.887647
MEL-014-D07,80550,cd8_t_cell,14838,18.420857
MEL-014-D07,80550,monocyte,14334,17.795158
MEL-014-D07,80550,nk_cell,8615,10.69522
MEL-014-D14,76653,b_cell,12632,16.479459
MEL-014-D14,76653,cd4_t_cell,18003,23.486361
MEL-014-D14,76653,cd8_t_cell,22533,29.39611
MEL-014-D14,76653,monocyte,16285,21.245092
MEL-014-D14,76653,nk_cell,7200,9.392979
MEL-015-D00,63291,b_cell,3489,5.512632
MEL-015-D00,63291,cd4_t_cell,24644,38.937606
MEL-015-D00,63291,cd8_t_cell,11328,17.898279
MEL-015-D00,63291,monocyte,16036,25.336936
MEL-015-D00,63291,nk_cell,7794,12.314547
MEL-015-D07,54993,b_cell,6461,11.748768
MEL-015-D07,54993,cd4_t_cell,14885,27.067081
MEL-015-D07,54993,cd8_t_cell,8879,16.145691
MEL-015-D07,54993,monocyte,16110,29.294637
MEL-015-D07,54993,nk_cell,8658,15.743822
MEL-015-D14,78276,b_cell,9986,12.757422
MEL-015-D14,78276,cd4_t_cell,24046,30.719505
MEL-015-D14,78276,cd8_t_cell,18954,24.214319
MEL-015-D14,78276,monocyte,14591,18.640452
MEL-015-D14,78276,nk_cell,10699,13.668302
MEL-016-D00,63902,b_cell,6678,10.450377
MEL-016-D00,63902,cd4_t_cell,24871,38.920535
MEL-016-D00,63902,cd8_t_cell,9340,14.616131
MEL-016-D00,63902,monocyte,14472,22.647178
MEL-016-D00,63902,nk_cell,8541,13.365779
MEL-016-D07,72006,b_cell,5500,7.638252
MEL-016-D07,72006,cd4_t_cell,29333,40.736883
MEL-016-D07,72006,cd8_t_cell,7975,11.075466
MEL-016-D07,72006,monocyte,20705,28.754548
MEL-016-D07,72006,nk_cell,8493,11.79485
MEL-016-D14,78121,b_cell,12092,15.478553
MEL-016-D14,78121,cd4_t_cell,29588,37.874579
MEL-016-D14,78121,cd8_t_cell,17848,22.84661
MEL-016-D14,78121,monocyte,11299,14.463461
MEL-016-D14,78121,nk_cell,7294,9.336798
MEL-017-D00,67717,b_cell,10884,16.072773
MEL-017-D00,67717,cd4_t_cell,25803,38.104169
MEL-017-D00,67717,cd8_t_cell,10185,15.040536
MEL-017-D00,67717,monocyte,12409,18.324793
MEL-017-D00,67717,nk_cell,8436,12.457728
MEL-017-D07,74335,b_cell,9857,13.260241
MEL-017-D07,74335,cd4_t_cell,25624,34.470976
MEL-017-D07,74335,cd8_t_cell,13678,18.400484
MEL-017-D07,74335,monocyte,20244,27.23347
MEL-017-D07,74335,nk_cell,4932,6.634829
MEL-017-D14,67532,b_cell,8562,12.678434
MEL-017-D14,67532,cd4_t_cell,20256,29.994669
MEL-017-D14,67532,cd8_t_cell,14752,21.844459
MEL-017-D14,67532,monocyte,13603,20.143043
MEL-017-D14,67532,nk_cell,10359,15.339395
MEL-018-D00,71085,b_cell,6380,8.975171
MEL-018-D00,71085,cd4_t_cell,23639,33.254554
MEL-018-D00,71085,cd8_t_cell,17745,24.963072
MEL-018-D00,71085,monocyte,14008,19.705986
MEL-018-D00,71085,nk_cell,9313,13.101217
MEL-018-D07,87579,b_cell,9874,11.274392
MEL-018-D07,87579,cd4_t_cell,27281,31.150162
MEL-018-D07,87579,cd8_t_cell,22647,25.858939
MEL-018-D07,87579,monocyte,17928,20.470661
MEL-018-D07,87579,nk_cell,9849,11.245847
MEL-018-D14,65248,b_cell,12106,18.553825
MEL-018-D14,65248,cd4_t_cell,19956,30.584846
MEL-018-D14,65248,cd8_t_cell,16041,24.584662
MEL-018-D14,65248,monocyte,10717,16.425025
MEL-018-D14,65248,nk_cell,6428,9.851643
MEL-019-D00,77628,b_cell,9679,12.468439
MEL-019-D00,77628,cd4_t_cell,23960,30.865152
MEL-019-D00,77628,cd8_t_cell,22579,29.086154
MEL-019-D00,77628,monocyte,13032,16.787757
MEL-019-D00,77628,nk_cell,8378,10.792498
MEL-019-D07,69262,b_cell,8244,11.902631
MEL-019-D07,69262,cd4_t_cell,22726,32.811643
MEL-019-D07,69262,cd8_t_cell,19043,27.494153
MEL-019-D07,69262,monocyte,9512,13.73336
MEL-019-D07,69262,nk_cell,9737,14.058214
MEL-019-D14,81138,b_cell,8497,10.472282
MEL-019-D14,81138,cd4_t_cell,21754,26.811112
MEL-019-D14,81138,cd8_t_cell,22239,27.408859
MEL-019-D14,81138,monocyte,19685,24.261135
MEL-019-D14,81138,nk_cell,8963,11.046612
MEL-020-D00,58253,b_cell,9456,16.23264
MEL-020-D00,58253,cd4_t_cell,16297,27.976242
MEL-020-D00,58253,cd8_t_cell,9111,15.640396
MEL-020-D00,58253,monocyte,15620,26.81407
MEL-020-D00,58253,nk_cell,7769,13.336652
MEL-020-D07,58011,b_cell,9114,15.710813
MEL-020-D07,58011,cd4_t_cell,12467,21.490752
MEL-020-D07,58011,cd8_t_cell,12284,21.175294
MEL-020-D07,58011,monocyte,18926,32.624847
MEL-020-D07,58011,nk_cell,5220,8.998293
MEL-020-D14,71972,b_cell,8642,12.007447
MEL-020-D14,71972,cd4_t_cell,32245,44.802145
MEL-020-D14,71972,cd8_t_cell,10030,13.935975
MEL-020-D14,71972,monocyte,18363,25.514089
MEL-020-D14,71972,nk_cell,2692,3.740343
MEL-021-D00,68045,b_cell,9048,13.297083
MEL-021-D00,68045,cd4_t_cell,30145,44.301565
MEL-021-D00,68045,cd8_t_cell,10658,15.663164
MEL-021-D00,68045,monocyte,9605,14.115659
MEL-021-D00,68045,nk_cell,8589,12.622529
MEL-021-D07,52923,b_cell,7547,14.26034
MEL-021-D07,52923,cd4_t_cell,14052,26.551783
MEL-021-D07,52923,cd8_t_cell,10413,19.675755
MEL-021-D07,52923,monocyte,13019,24.59989
MEL-021-D07,52923,nk_cell,7892,14.912231
MEL-021-D14,75674,b_cell,3570,4.717604
MEL-021-D14,75674,cd4_t_cell,31138,41.147554
MEL-021-D14,75674,cd8_t_cell,20101,26.562624
MEL-021-D14,75674,monocyte,14199,18.76338
MEL-021-D14,75674,nk_cell,6666,8.808838
MEL-022-D00,64293,b_cell,7117,11.069634
MEL-022-D00,64293,cd4_t_cell,24668,38.368096
MEL-022-D00,64293,cd8_t_cell,6816,10.601465
MEL-022-D00,64293,monocyte,19116,29.73263
MEL-022-D00,64293,nk_cell,6576,10.228174
MEL-022-D07,64487,b_cell,6770,10.49824
MEL-022-D07,64487,cd4_t_cell,22513,34.910912
MEL-022-D07,64487,cd8_t_cell,13906,21.564036
MEL-022-D07,64487,monocyte,14978,23.226387
MEL-022-D07,64487,nk_cell,6320,9.800425
MEL-022-D14,61633,b_cell,6763,10.973018
MEL-022-D14,61633,cd4_t_cell,22853,37.079162
MEL-022-D14,61633,cd8_t_cell,10370,16.825402
MEL-022-D14,61633,monocyte,12792,20.755115
MEL-022-D14,61633,nk_cell,8855,14.367303
MEL-023-D00,61904,b_cell,8609,13.907017
MEL-023-D00,61904,cd4_t_cell,22632,36.559835
MEL-023-D00,61904,cd8_t_cell,7339,11.855454
MEL-023-D00,61904,monocyte,13383,21.618958
MEL-023-D00,61904,nk_cell,9941,16.058736
MEL-023-D07,55461,b_cell,5864,10.573196
MEL-023-D07,55461,cd4_t_cell,12798,23.075675
MEL-023-D07,55461,cd8_t_cell,18440,33.248589
MEL-023-D07,55461,monocyte,10617,19.143182
MEL-023-D07,55461,nk_cell,7742,13.959359
MEL-023-D14,77467,b_cell,7378,9.524055
MEL-023-D14,77467,cd4_t_cell,23379,30.179302
MEL-023-D14,77467,cd8_t_cell,22217,28.679309
MEL-023-D14,77467,monocyte,17096,22.068752
MEL-023-D14,77467,nk_cell,7397,9.548582
MEL-024-D00,73583,b_cell,7565,10.280907
MEL-024-D00,73583,cd4_t_cell,22353,30.377941
MEL-024-D00,73583,cd8_t_cell,12688,17.243113
MEL-024-D00,73583,monocyte,17469,23.740538
MEL-024-D00,73583,nk_cell,13508,18.357501
MEL-024-D07,49766,b_cell,5381,10.812603
MEL-024-D07,49766,cd4_t_cell,14983,30.1069
MEL-024-D07,49766,cd8_t_cell,9495,19.079291
MEL-024-D07,49766,monocyte,10754,21.609131
MEL-024-D07,49766,nk_cell,9153,18.392075
MEL-024-D14,74633,b_cell,6543,8.766899
MEL-024-D14,74633,cd4_t_cell,28365,38.005976
MEL-024-D14,74633,cd8_t_cell,11233,15.050983
MEL-024-D14,74633,monocyte,18661,25.003685
MEL-024-D14,74633,nk_cell,9831,13.172457
MEL-025-D00,61757,b_cell,8250,13.35881
MEL-025-D00,61757,cd4_t_cell,27573,44.64757
MEL-025-D00,61757,cd8_t_cell,9579,15.510792
MEL-025-D00,61757,monocyte,11264,18.239228
MEL-025-D00,61757,nk_cell,5091,8.2436
MEL-025-D07,76500,b_cell,8564,11.194771
MEL-025-D07,76500,cd4_t_cell,23739,31.031373
MEL-025-D07,76500,cd8_t_cell,17209,22.495425
MEL-025-D07,76500,monocyte,17492,22.865359
MEL-025-D07,76500,nk_cell,9496,12.413072
MEL-025-D14,61709,b_cell,5490,8.896595
MEL-025-D14,61709,cd4_t_cell,21558,34.934937
MEL-025-D14,61709,cd8_t_cell,13757,22.293345
MEL-025-D14,61709,monocyte,9844,15.952292
MEL-025-D14,61709,nk_cell,11060,17.922831
MEL-026-D00,65581,b_cell,9297,14.176362
MEL-026-D00,65581,cd4_t_cell,19490,29.718973
MEL-026-D00,65581,cd8_t_cell,14138,21.558073
MEL-026-D00,65581,monocyte,12021,18.330004
MEL-026-D00,65581,nk_cell,10635,16.216587
MEL-026-D07,73418,b_cell,6470,8.812553
MEL-026-D07,73418,cd4_t_cell,25124,34.220491
MEL-026-D07,73418,cd8_t_cell,15614,21.267264
MEL-026-D07,73418,monocyte,15361,20.922662
MEL-026-D07,73418,nk_cell,10849,14.77703
MEL-026-D14,65519,b_cell,5584,8.522719
MEL-026-D14,65519,cd4_t_cell,22136,33.785619
MEL-026-D14,65519,cd8_t_cell,12198,18.6175
MEL-026-D14,65519,monocyte,16151,24.650865
MEL-026-D14,65519,nk_cell,9450,14.423297
MEL-027-D00,72722,b_cell,6943,9.547317
MEL-027-D00,72722,cd4_t_cell,27340,37.595226
MEL-027-D00,72722,cd8_t_cell,15951,21.934215
MEL-027-D00,72722,monocyte,13380,18.398834
MEL-027-D00,72722,nk_cell,9108,12.524408
MEL-027-D07,71952,b_cell,5061,7.033856
MEL-027-D07,71952,cd4_t_cell,27009,37.537525
MEL-027-D07,71952,cd8_t_cell,19705,27.386313
MEL-027-D07,71952,monocyte,14177,19.703413
MEL-027-D07,71952,nk_cell,6000,8.338893
MEL-027-D14,78586,b_cell,8559,10.891253
MEL-027-D14,78586,cd4_t_cell,30474,38.777899
MEL-027-D14,78586,cd8_t_cell,20029,25.486728
MEL-027-D14,78586,monocyte,13015,16.561474
MEL-027-D14,78586,nk_cell,6509,8.282646
MEL-028-D00,59973,b_cell,4286,7.146549
MEL-028-D00,59973,cd4_t_cell,26724,44.560052
MEL-028-D00,59973,cd8_t_cell,3716,6.196122
MEL-028-D00,59973,monocyte,17845,29.755056
MEL-028-D00,59973,nk_cell,7402,12.342221
MEL-028-D07,61261,b_cell,10954,17.88087
MEL-028-D07,61261,cd4_t_cell,17089,27.895398
MEL-028-D07,61261,cd8_t_cell,9018,14.720622
MEL-028-D07,61261,monocyte,16975,27.709309
MEL-028-D07,61261,nk_cell,7225,11.7938
MEL-028-D14,61541,b_cell,3936,6.395736
MEL-028-D14,61541,cd4_t_cell,25295,41.10268
MEL-028-D14,61541,cd8_t_cell,11019,17.905136
MEL-028-D14,61541,monocyte,15268,24.809477
MEL-028-D14,61541,nk_cell,6023,9.786971
MEL-029-D00,69947,b_cell,7381,10.552275
MEL-029-D00,69947,cd4_t_cell,37294,53.317512
MEL-029-D00,69947,cd8_t_cell,11382,16.27232
MEL-029-D00,69947,monocyte,8612,12.312179
MEL-029-D00,69947,nk_cell,5278,7.545713
MEL-029-D07,63295,b_cell,7073,11.174658
MEL-029-D07,63295,cd4_t_cell,20975,33.138479
MEL-029-D07,63295,cd8_t_cell,8821,13.93633
MEL-029-D07,63295,monocyte,16598,26.22324
MEL-029-D07,63295,nk_cell,9828,15.527293
MEL-029-D14,68378,b_cell,8849,12.941297
MEL-029-D14,68378,cd4_t_cell,24716,36.146129
MEL-029-D14,68378,cd8_t_cell,12649,18.49864
MEL-029-D14,68378,monocyte,12387,18.115476
MEL-029-D14,68378,nk_cell,9777,14.298459
MEL-030-D00,84436,b_cell,8510,10.078639
MEL-030-D00,84436,cd4_t_cell,37095,43.932683
MEL-030-D00,84436,cd8_t_cell,16481,19.518926
MEL-030-D00,84436,monocyte,17694,20.955517
MEL-030-D00,84436,nk_cell,4656,5.514236
MEL-030-D07,82705,b_cell,4732,5.72154
MEL-030-D07,82705,cd4_t_cell,36665,44.332265
MEL-030-D07,82705,cd8_t_cell,16542,20.001209
MEL-030-D07,82705,monocyte,15182,18.35681
MEL-030-D07,82705,nk_cell,9584,11.588175
MEL-030-D14,74663,b_cell,8744,11.711289
MEL-030-D14,74663,cd4_t_cell,24620,32.974834
MEL-030-D14,74663,cd8_t_cell,16382,21.941256
MEL-030-D14,74663,monocyte,15438,20.676908
MEL-030-D14,74663,nk_cell,9479,12.695713
MEL-031-D00,66055,b_cell,6932,10.494285
MEL-031-D00,66055,cd4_t_cell,22569,34.166982
MEL-031-D00,66055,cd8_t_cell,10215,15.464386
MEL-031-D00,66055,monocyte,18176,27.516464
MEL-031-D00,66055,nk_cell,8163,12.357884
MEL-031-D07,66063,b_cell,7279,11.01827
MEL-031-D07,66063,cd4_t_cell,29794,45.099375
MEL-031-D07,66063,cd8_t_cell,14812,22.421022
MEL-031-D07,66063,monocyte,10230,15.485219
MEL-031-D07,66063,nk_cell,3948,5.976114
MEL-031-D14,59447,b_cell,7315,12.305078
MEL-031-D14,59447,cd4_t_cell,27226,45.798779
MEL-031-D14,59447,cd8_t_cell,6499,10.932427
MEL-031-D14,59447,monocyte,8928,15.01842
MEL-031-D14,59447,nk_cell,9479,15.945296
MEL-032-D00,71024,b_cell,5818,8.191597
MEL-032-D00,71024,cd4_t_cell,29790,41.943568
MEL-032-D00,71024,cd8_t_cell,7583,10.676673
MEL-032-D00,71024,monocyte,17112,24.093264
MEL-032-D00,71024,nk_cell,10721,15.094897
MEL-032-D07,64974,b_cell,7354,11.318374
MEL-032-D07,64974,cd4_t_cell,26372,40.588543
MEL-032-D07,64974,cd8_t_cell,13338,20.528211
MEL-032-D07,64974,monocyte,13769,21.191554
MEL-032-D07,64974,nk_cell,4141,6.373319
MEL-032-D14,79593,b_cell,7401,9.298556
MEL-032-D14,79593,cd4_t_cell,24115,30.297891
MEL-032-D14,79593,cd8_t_cell,23691,29.76518
MEL-032-D14,79593,monocyte,17599,22.111241
MEL-032-D14,79593,nk_cell,6787,8.527132
MEL-033-D00,80500,b_cell,6174,7.669565
MEL-033-D00,80500,cd4_t_cell,30443,37.817391
MEL-033-D00,80500,cd8_t_cell,17880,22.21118
MEL-033-D00,80500,monocyte,21017,26.108075
MEL-033-D00,80500,nk_cell,4986,6.193789
MEL-033-D07,57220,b_cell,11133,19.456484
MEL-033-D07,57220,cd4_t_cell,17932,31.338693
MEL-033-D07,57220,cd8_t_cell,8815,15.405453
MEL-033-D07,57220,monocyte,11907,20.809158
MEL-033-D07,57220,nk_cell,7433,12.990213
MEL-033-D14,56679,b_cell,7473,13.184777
MEL-033-D14,56679,cd4_t_cell,23856,42.089663
MEL-033-D14,56679,cd8_t_cell,2094,3.69449
MEL-033-D14,56679,monocyte,11650,20.55435
MEL-033-D14,56679,nk_cell,11606,20.47672
MEL-034-D00,76187,b_cell,7454,9.783821
MEL-034-D00,76187,cd4_t_cell,28372,37.239949
MEL-034-D00,76187,cd8_t_cell,16847,22.112696
MEL-034-D00,76187,monocyte,14031,18.416528
MEL-034-D00,76187,nk_cell,9483,12.447005
MEL-034-D07,60565,b_cell,4825,7.966647
MEL-034-D07,60565,cd4_t_cell,18277,30.177495
MEL-034-D07,60565,cd8_t_cell,17535,28.952365
MEL-034-D07,60565,monocyte,13190,21.778255
MEL-034-D07,60565,nk_cell,6738,11.125237
MEL-034-D14,76414,b_cell,10000,13.086607
MEL-034-D14,76414,cd4_t_cell,30151,39.457429
MEL-034-D14,76414,cd8_t_cell,12375,16.194676
MEL-034-D14,76414,monocyte,16834,22.029995
MEL-034-D14,76414,nk_cell,7054,9.231293
MEL-035-D00,69840,b_cell,5735,8.211627
MEL-035-D00,69840,cd4_t_cell,26345,37.721936
MEL-035-D00,69840,cd8_t_cell,16551,23.698454
MEL-035-D00,69840,monocyte,11823,16.928694
MEL-035-D00,69840,nk_cell,9386,13.43929
MEL-035-D07,74736,b_cell,9412,12.593663
MEL-035-D07,74736,cd4_t_cell,30675,41.044477
MEL-035-D07,74736,cd8_t_cell,15345,20.532274
MEL-035-D07,74736,monocyte,11822,15.818347
MEL-035-D07,74736,nk_cell,7482,10.01124
MEL-035-D14,69393,b_cell,9660,13.920712
MEL-035-D14,69393,cd4_t_cell,21920,31.588201
MEL-035-D14,69393,cd8_t_cell,15451,22.265935
MEL-035-D14,69393,monocyte,13518,19.480351
MEL-035-D14,69393,nk_cell,8844,12.744801
MEL-036-D00,73486,b_cell,6354,8.646545
MEL-036-D00,73486,cd4_t_cell,28734,39.101325
MEL-036-D00,73486,cd8_t_cell,12829,17.457747
MEL-036-D00,73486,monocyte,19084,25.969572
MEL-036-D00,73486,nk_cell,6485,8.82481
MEL-036-D07,80564,b_cell,7801,9.682985
MEL-036-D07,80564,cd4_t_cell,27375,33.979197
MEL-036-D07,80564,cd8_t_cell,18772,23.30073
MEL-036-D07,80564,monocyte,17717,21.991212
MEL-036-D07,80564,nk_cell,8899,11.045877
MEL-036-D14,73603,b_cell,9691,13.166583
MEL-036-D14,73603,cd4_t_cell,21810,29.631944
MEL-036-D14,73603,cd8_t_cell,15245,20.712471
MEL-036-D14,73603,monocyte,18375,24.965015
MEL-036-D14,73603,nk_cell,8482,11.523987
MEL-037-D00,75885,b_cell,11753,15.487909
MEL-037-D00,75885,cd4_t_cell,23645,31.158991
MEL-037-D00,75885,cd8_t_cell,17192,22.655334
MEL-037-D00,75885,monocyte,13482,17.766357
MEL-037-D00,75885,nk_cell,9813,12.931409
MEL-037-D07,78533,b_cell,10971,13.969923
MEL-037-D07,78533,cd4_t_cell,26090,33.221703
MEL-037-D07,78533,cd8_t_cell,16068,20.460189
MEL-037-D07,78533,monocyte,15838,20.167318
MEL-037-D07,78533,nk_cell,9566,12.180867
MEL-037-D14,72783,b_cell,10677,14.669634
MEL-037-D14,72783,cd4_t_cell,25041,34.405012
MEL-037-D14,72783,cd8_t_cell,12548,17.24029
MEL-037-D14,72783,monocyte,17447,23.971257
MEL-037-D14,72783,nk_cell,7070,9.713807
MEL-038-D00,80055,b_cell,8126,10.150522
MEL-038-D00,80055,cd4_t_cell,35924,44.874149
MEL-038-D00,80055,cd8_t_cell,7100,8.868903
MEL-038-D00,80055,monocyte,20967,26.190744
MEL-038-D00,80055,nk_cell,7938,9.915683
MEL-038-D07,65679,b_cell,8554,13.02395
MEL-038-D07,65679,cd4_t_cell,18450,28.091171
MEL-038-D07,65679,cd8_t_cell,16208,24.677599
MEL-038-D07,65679,monocyte,14331,21.81976
MEL-038-D07,65679,nk_cell,8136,12.387521
MEL-038-D14,65658,b_cell,6943,10.574492
MEL-038-D14,65658,cd4_t_cell,13686,20.844375
MEL-038-D14,65658,cd8_t_cell,19574,29.812056
MEL-038-D14,65658,monocyte,16156,24.606293
MEL-038-D14,65658,nk_cell,9299,14.162783
MEL-039-D00,67628,b_cell,5223,7.723132
MEL-039-D00,67628,cd4_t_cell,25925,38.334713
MEL-039-D00,67628,cd8_t_cell,14165,20.945466
MEL-039-D00,67628,monocyte,11911,17.612527
MEL-039-D00,67628,nk_cell,10404,15.38416
MEL-039-D07,72643,b_cell,8662,11.924067
MEL-039-D07,72643,cd4_t_cell,13314,18.327988
MEL-039-D07,72643,cd8_t_cell,24688,33.985381
MEL-039-D07,72643,monocyte,18929,26.057569
MEL-039-D07,72643,nk_cell,7050,9.704996
MEL-039-D14,67105,b_cell,5465,8.143954
MEL-039-D14,67105,cd4_t_cell,28229,42.06691
MEL-039-D14,67105,cd8_t_cell,9783,14.578645
MEL-039-D14,67105,monocyte,16069,23.946055
MEL-039-D14,67105,nk_cell,7559,11.264436
MEL-040-D00,81485,b_cell,10852,13.317789
MEL-040-D00,81485,cd4_t_cell,26753,32.83181
MEL-040-D00,81485,cd8_t_cell,18637,22.871694
MEL-040-D00,81485,monocyte,15055,18.475793
MEL-040-D00,81485,nk_cell,10188,12.502915
MEL-040-D07,70375,b_cell,6620,9.40675
MEL-040-D07,70375,cd4_t_cell,25910,36.817052
MEL-040-D07,70375,cd8_t_cell,12694,18.037655
MEL-040-D07,70375,monocyte,14039,19.948845
MEL-040-D07,70375,nk_cell,11112,15.789698
MEL-040-D14,50638,b_cell,5895,11.641455
MEL-040-D14,50638,cd4_t_cell,14518,28.670169
MEL-040-D14,50638,cd8_t_cell,10649,21.029662
MEL-040-D14,50638,monocyte,10916,21.556934
MEL-040-D14,50638,nk_cell,8660,17.101781
NSC-001-D00,58518,b_cell,8102,13.845313
NSC-001-D00,58518,cd4_t_cell,19635,33.553778
NSC-001-D00,58518,cd8_t_cell,9835,16.806794
NSC-001-D00,58518,monocyte,13203,22.562289
NSC-001-D00,58518,nk_cell,7743,13.231826
NSC-001-D07,74415,b_cell,14700,19.754082
NSC-001-D07,74415,cd4_t_cell,28597,38.42908
NSC-001-D07,74415,cd8_t_cell,6560,8.815427
NSC-001-D07,74415,monocyte,14347,19.279715
NSC-001-D07,74415,nk_cell,10211,13.721696
NSC-001-D14,72006,b_cell,6524,9.060356
NSC-001-D14,72006,cd4_t_cell,27344,37.974613
NSC-001-D14,72006,cd8_t_cell,17396,24.159098
NSC-001-D14,72006,monocyte,12018,16.690276
NSC-001-D14,72006,nk_cell,8724,12.115657
NSC-002-D00,64192,b_cell,9233,14.383412
NSC-002-D00,64192,cd4_t_cell,19178,29.875997
NSC-002-D00,64192,cd8_t_cell,13720,21.37338
NSC-002-D00,64192,monocyte,15730,24.504611
NSC-002-D00,64192,nk_cell,6331,9.8626
NSC-002-D07,81306,b_cell,5645,6.942907
NSC-002-D07,81306,cd4_t_cell,20046,24.655007
NSC-002-D07,81306,cd8_t_cell,26873,33.051681
NSC-002-D07,81306,monocyte,19380,23.835879
NSC-002-D07,81306,nk_cell,9362,11.514525
NSC-002-D14,67789,b_cell,7782,11.479739
NSC-002-D14,67789,cd4_t_cell,23635,34.865539
NSC-002-D14,67789,cd8_t_cell,10021,14.782634
NSC-002-D14,67789,monocyte,17627,26.002744
NSC-002-D14,67789,nk_cell,8724,12.869345
NSC-003-D00,74553,b_cell,5617,7.534237
NSC-003-D00,74553,cd4_t_cell,26816,35.969042
NSC-003-D00,74553,cd8_t_cell,13808,18.521052
NSC-003-D00,74553,monocyte,17894,24.001717
NSC-003-D00,74553,nk_cell,10418,13.973951
NSC-003-D07,68844,b_cell,7057,10.250712
NSC-003-D07,68844,cd4_t_cell,22589,32.811865
NSC-003-D07,68844,cd8_t_cell,14187,20.60746
NSC-003-D07,68844,monocyte,14310,20.786125
NSC-003-D07,68844,nk_cell,10701,15.543838
NSC-003-D14,74990,b_cell,8079,10.773436
NSC-003-D14,74990,cd4_t_cell,18982,25.312708
NSC-003-D14,74990,cd8_t_cell,17930,23.909855
NSC-003-D14,74990,monocyte,22795,30.397386
NSC-003-D14,74990,nk_cell,7204,9.606614
NSC-004-D00,74442,b_cell,11447,15.377072
NSC-004-D00,74442,cd4_t_cell,25600,34.389189
NSC-004-D00,74442,cd8_t_cell,16301,21.897585
NSC-004-D00,74442,monocyte,11935,16.032616
NSC-004-D00,74442,nk_cell,9159,12.303538
NSC-004-D07,69259,b_cell,7503,10.833249
NSC-004-D07,69259,cd4_t_cell,23609,34.087989
NSC-004-D07,69259,cd8_t_cell,9168,13.237269
NSC-004-D07,69259,monocyte,17225,24.870414
NSC-004-D07,69259,nk_cell,11754,16.97108
NSC-004-D14,65008,b_cell,7815,12.021597
NSC-004-D14,65008,cd4_t_cell,23443,36.061715
NSC-004-D14,65008,cd8_t_cell,10334,15.896505
NSC-004-D14,65008,monocyte,13315,20.482095
NSC-004-D14,65008,nk_cell,10101,15.538088
NSC-005-D00,69487,b_cell,9056,13.032654
NSC-005-D00,69487,cd4_t_cell,26288,37.831537
NSC-005-D00,69487,cd8_t_cell,9878,14.215609
NSC-005-D00,69487,monocyte,18271,26.294127
NSC-005-D00,69487,nk_cell,5994,8.626074
NSC-005-D07,71116,b_cell,7044,9.904944
NSC-005-D07,71116,cd4_t_cell,21317,29.97497
NSC-005-D07,71116,cd8_t_cell,16749,23.551662
NSC-005-D07,71116,monocyte,18805,26.442713
NSC-005-D07,71116,nk_cell,7201,10.12571
NSC-005-D14,76840,b_cell,10320,13.430505
NSC-005-D14,76840,cd4_t_cell,28700,37.350338
NSC-005-D14,76840,cd8_t_cell,14960,19.469027
NSC-005-D14,76840,monocyte,12861,16.737376
NSC-005-D14,76840,nk_cell,9999,13.012754
NSC-006-D00,79813,b_cell,10095,12.648315
NSC-006-D00,79813,cd4_t_cell,26220,32.851791
NSC-006-D00,79813,cd8_t_cell,15036,18.839036
NSC-006-D00,79813,monocyte,19299,24.180271
NSC-006-D00,79813,nk_cell,9163,11.480586
NSC-006-D07,67590,b_cell,6687,9.893475
NSC-006-D07,67590,cd4_t_cell,25239,37.341323
NSC-006-D07,67590,cd8_t_cell,13410,19.840213
NSC-006-D07,67590,monocyte,14844,21.961829
NSC-006-D07,67590,nk_cell,7410,10.96316
NSC-006-D14,58481,b_cell,4876,8.337751
NSC-006-D14,58481,cd4_t_cell,20424,34.924163
NSC-006-D14,58481,cd8_t_cell,16859,28.828166
NSC-006-D14,58481,monocyte,10236,17.503121
NSC-006-D14,58481,nk_cell,6086,10.406799
NSC-007-D00,77291,b_cell,9014,11.662419
NSC-007-D00,77291,cd4_t_cell,29385,38.018657
NSC-007-D00,77291,cd8_t_cell,11601,15.00951
NSC-007-D00,77291,monocyte,19679,25.46092
NSC-007-D00,77291,nk_cell,7612,9.848495
NSC-007-D07,89887,b_cell,10277,11.433244
NSC-007-D07,89887,cd4_t_cell,31440,34.977249
NSC-007-D07,89887,cd8_t_cell,23898,26.586714
NSC-007-D07,89887,monocyte,15161,16.866733
NSC-007-D07,89887,nk_cell,9111,10.13606
NSC-007-D14,74010,b_cell,11647,15.737063
NSC-007-D14,74010,cd4_t_cell,32775,44.284556
NSC-007-D14,74010,cd8_t_cell,5403,7.300365
NSC-007-D14,74010,monocyte,14605,19.73382
NSC-007-D14,74010,nk_cell,9580,12.944197
NSC-008-D00,71991,b_cell,10782,14.976872
NSC-008-D00,71991,cd4_t_cell,17152,23.8252
NSC-008-D00,71991,cd8_t_cell,22085,30.677446
NSC-008-D00,71991,monocyte,12732,17.685544
NSC-008-D00,71991,nk_cell,9240,12.834938
NSC-008-D07,74628,b_cell,6704,8.983223
NSC-008-D07,74628,cd4_t_cell,25599,34.302139
NSC-008-D07,74628,cd8_t_cell,22275,29.848046
NSC-008-D07,74628,monocyte,16101,21.575012
NSC-008-D07,74628,nk_cell,3949,5.29158
NSC-008-D14,58485,b_cell,8168,13.965974
NSC-008-D14,58485,cd4_t_cell,16733,28.610755
NSC-008-D14,58485,cd8_t_cell,7350,12.567325
NSC-008-D14,58485,monocyte,14920,25.510815
NSC-008-D14,58485,nk_cell,11314,19.345131
NSC-009-D00,65679,b_cell,8203,12.489532
NSC-009-D00,65679,cd4_t_cell,27435,41.771342
NSC-009-D00,65679,cd8_t_cell,6551,9.974269
NSC-009-D00,65679,monocyte,14778,22.500343
NSC-009-D00,65679,nk_cell,8712,13.264514
NSC-009-D07,73349,b_cell,8462,11.536626
NSC-009-D07,73349,cd4_t_cell,26517,36.151822
NSC-009-D07,73349,cd8_t_cell,14234,19.405854
NSC-009-D07,73349,monocyte,17473,23.821729
NSC-009-D07,73349,nk_cell,6663,9.083968
NSC-009-D14,75636,b_cell,8075,10.676133
NSC-009-D14,75636,cd4_t_cell,23691,31.322386
NSC-009-D14,75636,cd8_t_cell,20150,26.640753
NSC-009-D14,75636,monocyte,16866,22.298905
NSC-009-D14,75636,nk_cell,6854,9.061822
NSC-010-D00,70478,b_cell,10444,14.818809
NSC-010-D00,70478,cd4_t_cell,25097,35.609694
NSC-010-D00,70478,cd8_t_cell,7370,10.457164
NSC-010-D00,70478,monocyte,19249,27.312069
NSC-010-D00,70478,nk_cell,8318,11.802265
NSC-010-D07,72284,b_cell,5130,7.097006
NSC-010-D07,72284,cd4_t_cell,29503,40.815395
NSC-010-D07,72284,cd8_t_cell,16863,23.328814
NSC-010-D07,72284,monocyte,14116,19.528526
NSC-010-D07,72284,nk_cell,6672,9.230258
NSC-010-D14,91102,b_cell,10446,11.466269
NSC-010-D14,91102,cd4_t_cell,30394,33.362605
NSC-010-D14,91102,cd8_t_cell,25777,28.294659
NSC-010-D14,91102,monocyte,14804,16.249918
NSC-010-D14,91102,nk_cell,9681,10.62655
NSC-011-D00,71550,b_cell,7191,10.050314
NSC-011-D00,71550,cd4_t_cell,18823,26.307477
NSC-011-D00,71550,cd8_t_cell,14402,20.128581
NSC-011-D00,71550,monocyte,15861,22.167715
NSC-011-D00,71550,nk_cell,15273,21.345912
NSC-011-D07,73554,b_cell,7243,9.847187
NSC-011-D07,73554,cd4_t_cell,28198,38.33646
NSC-011-D07,73554,cd8_t_cell,11535,15.682356
NSC-011-D07,73554,monocyte,19459,26.455393
NSC-011-D07,73554,nk_cell,7119,9.678603
NSC-011-D14,79118,b_cell,11730,14.825956
NSC-011-D14,79118,cd4_t_cell,24494,30.958821
NSC-011-D14,79118,cd8_t_cell,16294,20.594555
NSC-011-D14,79118,monocyte,18445,23.313279
NSC-011-D14,79118,nk_cell,8155,10.307389
NSC-012-D00,63879,b_cell,5397,8.448786
NSC-012-D00,63879,cd4_t_cell,15631,24.469701
NSC-012-D00,63879,cd8_t_cell,21759,34.062838
NSC-012-D00,63879,monocyte,12859,20.130246
NSC-012-D00,63879,nk_cell,8233,12.88843
NSC-012-D07,71109,b_cell,8451,11.884572
NSC-012-D07,71109,cd4_t_cell,26395,37.119071
NSC-012-D07,71109,cd8_t_cell,11670,16.411425
NSC-012-D07,71109,monocyte,15180,21.347509
NSC-012-D07,71109,nk_cell,9413,13.237424
NSC-012-D14,68705,b_cell,4586,6.674914
NSC-012-D14,68705,cd4_t_cell,22540,32.806928
NSC-012-D14,68705,cd8_t_cell,13859,20.171749
NSC-012-D14,68705,monocyte,17417,25.350411
NSC-012-D14,68705,nk_cell,10303,14.995997
NSC-013-D00,68534,b_cell,8125,11.855429
NSC-013-D00,68534,cd4_t_cell,23247,33.92039
NSC-013-D00,68534,cd8_t_cell,11115,16.218227
NSC-013-D00,68534,monocyte,17250,25.169989
NSC-013-D00,68534,nk_cell,8797,12.835965
NSC-013-D07,63806,b_cell,7043,11.038147
NSC-013-D07,63806,cd4_t_cell,26695,41.837758
NSC-013-D07,63806,cd8_t_cell,12113,18.984108
NSC-013-D07,63806,monocyte,9025,14.144438
NSC-013-D07,63806,nk_cell,8930,13.995549
NSC-013-D14,80781,b_cell,6429,7.958555
NSC-013-D14,80781,cd4_t_cell,24577,30.424233
NSC-013-D14,80781,cd8_t_cell,19406,24.022976
NSC-013-D14,80781,monocyte,21182,26.221512
NSC-013-D14,80781,nk_cell,9187,11.372724
NSC-014-D00,69859,b_cell,5529,7.914514
NSC-014-D00,69859,cd4_t_cell,20454,29.278976
NSC-014-D00,69859,cd8_t_cell,11931,17.078687
NSC-014-D00,69859,monocyte,20098,28.769378
NSC-014-D00,69859,nk_cell,11847,16.958445
NSC-014-D07,94815,b_cell,11303,11.92111
NSC-014-D07,94815,cd4_t_cell,30121,31.76818
NSC-014-D07,94815,cd8_t_cell,25080,26.451511
NSC-014-D07,94815,monocyte,22783,24.028898
NSC-014-D07,94815,nk_cell,5528,5.830301
NSC-014-D14,67053,b_cell,7343,10.951039
NSC-014-D14,67053,cd4_t_cell,20506,30.581779
NSC-014-D14,67053,cd8_t_cell,16605,24.763993
NSC-014-D14,67053,monocyte,14514,21.645564
NSC-014-D14,67053,nk_cell,8085,12.057626
NSC-015-D00,64277,b_cell,5130,7.981082
NSC-015-D00,64277,cd4_t_cell,21893,34.060395
NSC-015-D00,64277,cd8_t_cell,13466,20.949951
NSC-015-D00,64277,monocyte,18130,28.206046
NSC-015-D00,64277,nk_cell,5658,8.802527
NSC-015-D07,76946,b_cell,3735,4.854053
NSC-015-D07,76946,cd4_t_cell,27297,35.475528
NSC-015-D07,76946,cd8_t_cell,17836,23.179892
NSC-015-D07,76946,monocyte,15976,20.762613
NSC-015-D07,76946,nk_cell,12102,15.727913
NSC-015-D14,66678,b_cell,3883,5.82351
NSC-015-D14,66678,cd4_t_cell,25323,37.978044
NSC-015-D14,66678,cd8_t_cell,10819,16.225742
NSC-015-D14,66678,monocyte,17942,26.908426
NSC-015-D14,66678,nk_cell,8711,13.064279
NSC-016-D00,80653,b_cell,4081,5.059948
NSC-016-D00,80653,cd4_t_cell,26019,32.260424
NSC-016-D00,80653,cd8_t_cell,18792,23.299815
NSC-016-D00,80653,monocyte,17306,21.457354
NSC-016-D00,80653,nk_cell,14455,17.922458
NSC-016-D07,64192,b_cell,9091,14.162201
NSC-016-D07,64192,cd4_t_cell,20177,31.432266
NSC-016-D07,64192,cd8_t_cell,17438,27.165379
NSC-016-D07,64192,monocyte,9950,15.500374
NSC-016-D07,64192,nk_cell,7536,11.739781
NSC-016-D14,61331,b_cell,11540,18.815933
NSC-016-D14,61331,cd4_t_cell,19116,31.168577
NSC-016-D14,61331,cd8_t_cell,12943,21.10352
NSC-016-D14,61331,monocyte,12480,20.3486
NSC-016-D14,61331,nk_cell,5252,8.563369
NSC-017-D00,47552,b_cell,5869,12.342278
NSC-017-D00,47552,cd4_t_cell,16160,33.983849
NSC-017-D00,47552,cd8_t_cell,6519,13.709203
NSC-017-D00,47552,monocyte,14147,29.750589
NSC-017-D00,47552,nk_cell,4857,10.214081
NSC-017-D07,83427,b_cell,11009,13.195968
NSC-017-D07,83427,cd4_t_cell,30309,36.329965
NSC-017-D07,83427,cd8_t_cell,16107,19.306699
NSC-017-D07,83427,monocyte,17837,21.380368
NSC-017-D07,83427,nk_cell,8165,9.786999
NSC-017-D14,78764,b_cell,9900,12.569194
NSC-017-D14,78764,cd4_t_cell,30865,39.186684
NSC-017-D14,78764,cd8_t_cell,14428,18.318013
NSC-017-D14,78764,monocyte,17238,21.885633
NSC-017-D14,78764,nk_cell,6333,8.040475
NSC-018-D00,80141,b_cell,8597,10.727343
NSC-018-D00,80141,cd4_t_cell,22064,27.531476
NSC-018-D00,80141,cd8_t_cell,24194,30.189291
NSC-018-D00,80141,monocyte,16128,20.124531
NSC-018-D00,80141,nk_cell,9158,11.427359
NSC-018-D07,67469,b_cell,4593,6.807571
NSC-018-D07,67469,cd4_t_cell,29279,43.396226
NSC-018-D07,67469,cd8_t_cell,4771,7.071396
NSC-018-D07,67469,monocyte,20263,30.033052
NSC-018-D07,67469,nk_cell,8563,12.691755
NSC-018-D14,78570,b_cell,7753,9.867634
NSC-018-D14,78570,cd4_t_cell,34040,43.324424
NSC-018-D14,78570,cd8_t_cell,17614,22.418226
NSC-018-D14,78570,monocyte,13668,17.395953
NSC-018-D14,78570,nk_cell,5495,6.993764
NSC-019-D00,70481,b_cell,7465,10.591507
NSC-019-D00,70481,cd4_t_cell,25306,35.904712
NSC-019-D00,70481,cd8_t_cell,13742,19.497453
NSC-019-D00,70481,monocyte,16056,22.780608
NSC-019-D00,70481,nk_cell,7912,11.22572
NSC-019-D07,80770,b_cell,7131,8.828773
NSC-019-D07,80770,cd4_t_cell,27769,34.380339
NSC-019-D07,80770,cd8_t_cell,17600,21.790269
NSC-019-D07,80770,monocyte,18926,23.431967
NSC-019-D07,80770,nk_cell,9344,11.568652
NSC-019-D14,70140,b_cell,8342,11.893356
NSC-019-D14,70140,cd4_t_cell,25916,36.948959
NSC-019-D14,70140,cd8_t_cell,15140,21.585401
NSC-019-D14,70140,monocyte,14170,20.202452
NSC-019-D14,70140,nk_cell,6572,9.369832
NSC-020-D00,59310,b_cell,9107,15.354915
NSC-020-D00,59310,cd4_t_cell,18898,31.863092
NSC-020-D00,59310,cd8_t_cell,11778,19.858371
NSC-020-D00,59310,monocyte,11589,19.539707
NSC-020-D00,59310,nk_cell,7938,13.383915
NSC-020-D07,72436,b_cell,8420,11.624054
NSC-020-D07,72436,cd4_t_cell,29584,40.84157
NSC-020-D07,72436,cd8_t_cell,9093,12.55315
NSC-020-D07,72436,monocyte,15841,21.86896
NSC-020-D07,72436,nk_cell,9498,13.112265
NSC-020-D14,60417,b_cell,7800,12.910274
NSC-020-D14,60417,cd4_t_cell,15175,25.117103
NSC-020-D14,60417,cd8_t_cell,17082,28.273499
NSC-020-D14,60417,monocyte,14554,24.089246
NSC-020-D14,60417,nk_cell,5806,9.609878
NSC-021-D00,60604,b_cell,10119,16.696918
NSC-021-D00,60604,cd4_t_cell,18797,31.016105
NSC-021-D00,60604,cd8_t_cell,13491,22.260907
NSC-021-D00,60604,monocyte,8433,13.914923
NSC-021-D00,60604,nk_cell,9764,16.111148
NSC-021-D07,72750,b_cell,8268,11.364948
NSC-021-D07,72750,cd4_t_cell,25914,35.620619
NSC-021-D07,72750,cd8_t_cell,16837,23.143643
NSC-021-D07,72750,monocyte,14304,19.661856
NSC-021-D07,72750,nk_cell,7427,10.208935
NSC-021-D14,76474,b_cell,7557,9.88179
NSC-021-D14,76474,cd4_t_cell,20768,27.156942
NSC-021-D14,76474,cd8_t_cell,21993,28.758794
NSC-021-D14,76474,monocyte,18687,24.435756
NSC-021-D14,76474,nk_cell,7469,9.766718
NSC-022-D00,81147,b_cell,7917,9.756368
NSC-022-D00,81147,cd4_t_cell,29539,36.401839
NSC-022-D00,81147,cd8_t_cell,22421,27.630103
NSC-022-D00,81147,monocyte,11524,14.201388
NSC-022-D00,81147,nk_cell,9746,12.010302
NSC-022-D07,67151,b_cell,8380,12.479338
NSC-022-D07,67151,cd4_t_cell,26195,39.009099
NSC-022-D07,67151,cd8_t_cell,7069,10.527021
NSC-022-D07,67151,monocyte,15368,22.885735
NSC-022-D07,67151,nk_cell,10139,15.098807
NSC-022-D14,72855,b_cell,9803,13.455494
NSC-022-D14,72855,cd4_t_cell,26494,36.365383
NSC-022-D14,72855,cd8_t_cell,10034,13.772562
NSC-022-D14,72855,monocyte,16780,23.03205
NSC-022-D14,72855,nk_cell,9744,13.374511
NSC-023-D00,70576,b_cell,7190,10.187599
NSC-023-D00,70576,cd4_t_cell,26650,37.760712
NSC-023-D00,70576,cd8_t_cell,13431,19.030549
NSC-023-D00,70576,monocyte,15652,22.177511
NSC-023-D00,70576,nk_cell,7653,10.84363
NSC-023-D07,79056,b_cell,7229,9.144151
NSC-023-D07,79056,cd4_t_cell,29671,37.531623
NSC-023-D07,79056,cd8_t_cell,21731,27.48811
NSC-023-D07,79056,monocyte,11460,14.496053
NSC-023-D07,79056,nk_cell,8965,11.340063
NSC-023-D14,62463,b_cell,5801,9.287098
NSC-023-D14,62463,cd4_t_cell,23775,38.062533
NSC-023-D14,62463,cd8_t_cell,11681,18.700671
NSC-023-D14,62463,monocyte,12310,19.707667
NSC-023-D14,62463,nk_cell,8896,14.242031
NSC-024-D00,70097,b_cell,10354,14.77096
NSC-024-D00,70097,cd4_t_cell,19110,27.262222
NSC-024-D00,70097,cd8_t_cell,15779,22.510236
NSC-024-D00,70097,monocyte,14198,20.25479
NSC-024-D00,70097,nk_cell,10656,15.201792
NSC-024-D07,79479,b_cell,6434,8.09522
NSC-024-D07,79479,cd4_t_cell,26696,33.588747
NSC-024-D07,79479,cd8_t_cell,20273,25.507367
NSC-024-D07,79479,monocyte,15231,19.163553
NSC-024-D07,79479,nk_cell,10845,13.645114
NSC-024-D14,66993,b_cell,8945,13.352141
NSC-024-D14,66993,cd4_t_cell,21048,31.418208
NSC-024-D14,66993,cd8_t_cell,17700,26.420671
NSC-024-D14,66993,monocyte,11093,16.558446
NSC-024-D14,66993,nk_cell,8207,12.250534
NSC-025-D00,63147,b_cell,11050,17.498852
NSC-025-D00,63147,cd4_t_cell,27874,44.141448
NSC-025-D00,63147,cd8_t_cell,4162,6.59097
NSC-025-D00,63147,monocyte,14568,23.06998
NSC-025-D00,63147,nk_cell,5493,8.698751
NSC-025-D07,76816,b_cell,7640,9.945845
NSC-025-D07,76816,cd4_t_cell,20947,27.269059
NSC-025-D07,76816,cd8_t_cell,23486,30.57436
NSC-025-D07,76816,monocyte,16881,21.97589
NSC-025-D07,76816,nk_cell,7862,10.234847
NSC-025-D14,68929,b_cell,7496,10.874958
NSC-025-D14,68929,cd4_t_cell,24704,35.839777
NSC-025-D14,68929,cd8_t_cell,10890,15.798865
NSC-025-D14,68929,monocyte,17652,25.60896
NSC-025-D14,68929,nk_cell,8187,11.877439
NSC-026-D00,78938,b_cell,6114,7.745319
NSC-026-D00,78938,cd4_t_cell,30509,38.64932
NSC-026-D00,78938,cd8_t_cell,15114,19.146672
NSC-026-D00,78938,monocyte,15951,20.206998
NSC-026-D00,78938,nk_cell,11250,14.251691
NSC-026-D07,74645,b_cell,8454,11.325608
NSC-026-D07,74645,cd4_t_cell,22402,30.011387
NSC-026-D07,74645,cd8_t_cell,20093,26.918079
NSC-026-D07,74645,monocyte,14078,18.859937
NSC-026-D07,74645,nk_cell,9618,12.884989
NSC-026-D14,66480,b_cell,4591,6.905836
NSC-026-D14,66480,cd4_t_cell,24132,36.299639
NSC-026-D14,66480,cd8_t_cell,13080,19.67509
NSC-026-D14,66480,monocyte,15570,23.420578
NSC-026-D14,66480,nk_cell,9107,13.698857
NSC-027-D00,57559,b_cell,7267,12.625306
NSC-027-D00,57559,cd4_t_cell,21970,38.16953
NSC-027-D00,57559,cd8_t_cell,9523,16.544763
NSC-027-D00,57559,monocyte,12761,22.170295
NSC-027-D00,57559,nk_cell,6038,10.490106
NSC-027-D07,68755,b_cell,8569,12.463094
NSC-027-D07,68755,cd4_t_cell,22543,32.787434
NSC-027-D07,68755,cd8_t_cell,15076,21.927133
NSC-027-D07,68755,monocyte,16044,23.33503
NSC-027-D07,68755,nk_cell,6523,9.48731
NSC-027-D14,60299,b_cell,6997,11.603841
NSC-027-D14,60299,cd4_t_cell,24242,40.202988
NSC-027-D14,60299,cd8_t_cell,9799,16.250684
NSC-027-D14,60299,monocyte,11790,19.552563
NSC-027-D14,60299,nk_cell,7471,12.389924
NSC-028-D00,74905,b_cell,9654,12.888325
NSC-028-D00,74905,cd4_t_cell,28266,37.735799
NSC-028-D00,74905,cd8_t_cell,11235,14.998999
NSC-028-D00,74905,monocyte,16750,22.361658
NSC-028-D00,74905,nk_cell,9000,12.015219
NSC-028-D07,66716,b_cell,7883,11.815756
NSC-028-D07,66716,cd4_t_cell,24942,37.385335
NSC-028-D07,66716,cd8_t_cell,15549,23.306253
NSC-028-D07,66716,monocyte,11585,17.36465
NSC-028-D07,66716,nk_cell,6757,10.128005
NSC-028-D14,62830,b_cell,10132,16.126054
NSC-028-D14,62830,cd4_t_cell,24984,39.764444
NSC-028-D14,62830,cd8_t_cell,5535,8.809486
NSC-028-D14,62830,monocyte,13911,22.140697
NSC-028-D14,62830,nk_cell,8268,13.159319
NSC-029-D00,69353,b_cell,5956,8.587949
NSC-029-D00,69353,cd4_t_cell,28825,41.56273
NSC-029-D00,69353,cd8_t_cell,13515,19.487261
NSC-029-D00,69353,monocyte,12242,17.651724
NSC-029-D00,69353,nk_cell,8815,12.710337
NSC-029-D07,66137,b_cell,8875,13.419115
NSC-029-D07,66137,cd4_t_cell,21812,32.980026
NSC-029-D07,66137,cd8_t_cell,12368,18.700576
NSC-029-D07,66137,monocyte,19388,29.314907
NSC-029-D07,66137,nk_cell,3694,5.585376
NSC-029-D14,75271,b_cell,10290,13.670604
NSC-029-D14,75271,cd4_t_cell,17591,23.370222
NSC-029-D14,75271,cd8_t_cell,25709,34.155252
NSC-029-D14,75271,monocyte,12922,17.167302
NSC-029-D14,75271,nk_cell,8759,11.63662
NSC-030-D00,80806,b_cell,9635,11.92362
NSC-030-D00,80806,cd4_t_cell,26989,33.399748
NSC-030-D00,80806,cd8_t_cell,14745,18.247407
NSC-030-D00,80806,monocyte,17877,22.123357
NSC-030-D00,80806,nk_cell,11560,14.305868
NSC-030-D07,64533,b_cell,7963,12.339423
NSC-030-D07,64533,cd4_t_cell,25363,39.302372
NSC-030-D07,64533,cd8_t_cell,11462,17.761455
NSC-030-D07,64533,monocyte,12529,19.414873
NSC-030-D07,64533,nk_cell,7216,11.181876
NSC-030-D14,83375,b_cell,6173,7.403898
NSC-030-D14,83375,cd4_t_cell,33120,39.724138
NSC-030-D14,83375,cd8_t_cell,17987,21.573613
NSC-030-D14,83375,monocyte,21086,25.290555
NSC-030-D14,83375,nk_cell,5009,6.007796
NSC-031-D00,81118,b_cell,8097,9.981755
NSC-031-D00,81118,cd4_t_cell,27209,33.542494
NSC-031-D00,81118,cd8_t_cell,19962,24.608595
NSC-031-D00,81118,monocyte,15281,18.837989
NSC-031-D00,81118,nk_cell,10569,13.029167
NSC-031-D07,76449,b_cell,5086,6.652801
NSC-031-D07,76449,cd4_t_cell,32722,42.802391
NSC-031-D07,76449,cd8_t_cell,18804,24.59679
NSC-031-D07,76449,monocyte,15186,19.864223
NSC-031-D07,76449,nk_cell,4651,6.083794
NSC-031-D14,67462,b_cell,8135,12.05864
NSC-031-D14,67462,cd4_t_cell,30729,45.550087
NSC-031-D14,67462,cd8_t_cell,9552,14.159082
NSC-031-D14,67462,monocyte,12229,18.127242
NSC-031-D14,67462,nk_cell,6817,10.104948
NSC-032-D00,73509,b_cell,5897,8.022147
NSC-032-D00,73509,cd4_t_cell,26528,36.088098
NSC-032-D00,73509,cd8_t_cell,18767,25.530207
NSC-032-D00,73509,monocyte,15905,21.636806
NSC-032-D00,73509,nk_cell,6412,8.722741
NSC-032-D07,67210,b_cell,7895,11.746764
NSC-032-D07,67210,cd4_t_cell,20694,30.790061
NSC-032-D07,67210,cd8_t_cell,16680,24.817735
NSC-032-D07,67210,monocyte,14020,20.859991
NSC-032-D07,67210,nk_cell,7921,11.785449
NSC-032-D14,68589,b_cell,8204,11.961102
NSC-032-D14,68589,cd4_t_cell,23260,33.912143
NSC-032-D14,68589,cd8_t_cell,15981,23.299654
NSC-032-D14,68589,monocyte,10557,15.391681
NSC-032-D14,68589,nk_cell,10587,15.43542
NSC-033-D00,60018,b_cell,5527,9.208904
NSC-033-D00,60018,cd4_t_cell,27762,46.256123
NSC-033-D00,60018,cd8_t_cell,13033,21.715152
NSC-033-D00,60018,monocyte,9804,16.335099
NSC-033-D00,60018,nk_cell,3892,6.484721
NSC-033-D07,65124,b_cell,9132,14.02248
NSC-033-D07,65124,cd4_t_cell,21407,32.871138
NSC-033-D07,65124,cd8_t_cell,12453,19.121983
NSC-033-D07,65124,monocyte,15262,23.435293
NSC-033-D07,65124,nk_cell,6870,10.549106
NSC-033-D14,74569,b_cell,8865,11.888318
NSC-033-D14,74569,cd4_t_cell,28696,38.482479
NSC-033-D14,74569,cd8_t_cell,15886,21.303759
NSC-033-D14,74569,monocyte,14209,19.054835
NSC-033-D14,74569,nk_cell,6913,9.270608
NSC-034-D00,70204,b_cell,5689,8.103527
NSC-034-D00,70204,cd4_t_cell,30365,43.252521
NSC-034-D00,70204,cd8_t_cell,12053,17.168537
NSC-034-D00,70204,monocyte,16356,23.297818
NSC-034-D00,70204,nk_cell,5741,8.177597
NSC-034-D07,74926,b_cell,9048,12.075915
NSC-034-D07,74926,cd4_t_cell,23948,31.962203
NSC-034-D07,74926,cd8_t_cell,19058,25.435763
NSC-034-D07,74926,monocyte,12865,17.170275
NSC-034-D07,74926,nk_cell,10007,13.355844
NSC-034-D14,69409,b_cell,10294,14.83093
NSC-034-D14,69409,cd4_t_cell,18000,25.933236
NSC-034-D14,69409,cd8_t_cell,16761,24.148165
NSC-034-D14,69409,monocyte,15538,22.386146
NSC-034-D14,69409,nk_cell,8816,12.701523
NSC-035-D00,71040,b_cell,7317,10.299831
NSC-035-D00,71040,cd4_t_cell,18972,26.706081
NSC-035-D00,71040,cd8_t_cell,23485,33.05884
NSC-035-D00,71040,monocyte,16890,23.775338
NSC-035-D00,71040,nk_cell,4376,6.15991
NSC-035-D07,69234,b_cell,6713,9.696103
NSC-035-D07,69234,cd4_t_cell,23628,34.127741
NSC-035-D07,69234,cd8_t_cell,12604,18.204928
NSC-035-D07,69234,monocyte,21364,30.857671
NSC-035-D07,69234,nk_cell,4925,7.113557
NSC-035-D14,52167,b_cell,7365,14.118121
NSC-035-D14,52167,cd4_t_cell,15249,29.231123
NSC-035-D14,52167,cd8_t_cell,10272,19.690609
NSC-035-D14,52167,monocyte,13933,26.708456
NSC-035-D14,52167,nk_cell,5348,10.251692
NSC-036-D00,68195,b_cell,9810,14.385219
NSC-036-D00,68195,cd4_t_cell,18133,26.589926
NSC-036-D00,68195,cd8_t_cell,20015,29.349659
NSC-036-D00,68195,monocyte,10677,15.656573
NSC-036-D00,68195,nk_cell,9560,14.018623
NSC-036-D07,57722,b_cell,7035,12.187727
NSC-036-D07,57722,cd4_t_cell,21811,37.786286
NSC-036-D07,57722,cd8_t_cell,9383,16.255501
NSC-036-D07,57722,monocyte,13160,22.798933
NSC-036-D07,57722,nk_cell,6333,10.971553
NSC-036-D14,78133,b_cell,9449,12.093482
NSC-036-D14,78133,cd4_t_cell,28144,36.020631
NSC-036-D14,78133,cd8_t_cell,16473,21.083281
NSC-036-D14,78133,monocyte,13882,17.767141
NSC-036-D14,78133,nk_cell,10185,13.035465
NSC-037-D00,65703,b_cell,8942,13.609729
NSC-037-D00,65703,cd4_t_cell,26412,40.199078
NSC-037-D00,65703,cd8_t_cell,14424,21.953335
NSC-037-D00,65703,monocyte,10238,15.582241
NSC-037-D00,65703,nk_cell,5687,8.655617
NSC-037-D07,60768,b_cell,7190,11.831885
NSC-037-D07,60768,cd4_t_cell,23778,39.129147
NSC-037-D07,60768,cd8_t_cell,7738,12.733676
NSC-037-D07,60768,monocyte,12083,19.88382
NSC-037-D07,60768,nk_cell,9979,16.421472
NSC-037-D14,69827,b_cell,7052,10.099245
NSC-037-D14,69827,cd4_t_cell,28234,40.434216
NSC-037-D14,69827,cd8_t_cell,13340,19.104358
NSC-037-D14,69827,monocyte,10414,14.914002
NSC-037-D14,69827,nk_cell,10787,15.448179
NSC-038-D00,66660,b_cell,4952,7.428743
NSC-038-D00,66660,cd4_t_cell,26290,39.438944
NSC-038-D00,66660,cd8_t_cell,21207,31.813681
NSC-038-D00,66660,monocyte,7215,10.823582
NSC-038-D00,66660,nk_cell,6996,10.49505
NSC-038-D07,62956,b_cell,5433,8.629837
NSC-038-D07,62956,cd4_t_cell,25770,40.93335
NSC-038-D07,62956,cd8_t_cell,9651,15.329754
NSC-038-D07,62956,monocyte,15530,24.668022
NSC-038-D07,62956,nk_cell,6572,10.439037
NSC-038-D14,73207,b_cell,13180,18.003743
NSC-038-D14,73207,cd4_t_cell,14428,19.708498
NSC-038-D14,73207,cd8_t_cell,17319,23.657574
NSC-038-D14,73207,monocyte,19242,26.284372
NSC-038-D14,73207,nk_cell,9038,12.345814
NSC-039-D00,69646,b_cell,6420,9.218046
NSC-039-D00,69646,cd4_t_cell,20488,29.417339
NSC-039-D00,69646,cd8_t_cell,12679,18.204922
NSC-039-D00,69646,monocyte,20404,29.296729
NSC-039-D00,69646,nk_cell,9655,13.862964
NSC-039-D07,72795,b_cell,7225,9.925132
NSC-039-D07,72795,cd4_t_cell,22411,30.786455
NSC-039-D07,72795,cd8_t_cell,15864,21.792706
NSC-039-D07,72795,monocyte,19295,26.505941
NSC-039-D07,72795,nk_cell,8000,10.989766
NSC-039-D14,79780,b_cell,9788,12.268739
NSC-039-D14,79780,cd4_t_cell,32730,41.02532
NSC-039-D14,79780,cd8_t_cell,10479,13.134871
NSC-039-D14,79780,monocyte,16459,20.630484
NSC-039-D14,79780,nk_cell,10324,12.940587
NSC-040-D00,86204,b_cell,6682,7.75138
NSC-040-D00,86204,cd4_t_cell,35745,41.465593
NSC-040-D00,86204,cd8_t_cell,16915,19.622059
NSC-040-D00,86204,monocyte,17572,20.384205
NSC-040-D00,86204,nk_cell,9290,10.776762
NSC-040-D07,68286,b_cell,9338,13.674838
NSC-040-D07,68286,cd4_t_cell,20579,30.136485
NSC-040-D07,68286,cd8_t_cell,13829,20.251589
NSC-040-D07,68286,monocyte,15979,23.400111
NSC-040-D07,68286,nk_cell,8561,12.536977
NSC-040-D14,69236,b_cell,8110,11.713559
NSC-040-D14,69236,cd4_t_cell,24954,36.041943
NSC-040-D14,69236,cd8_t_cell,11334,16.370096
NSC-040-D14,69236,monocyte,14900,21.520596
NSC-040-D14,69236,nk_cell,9938,14.353804
